report	45
urge	5
strong	4
measure	9
detect	7
ai	259
drive	3
deepfakes	89
july	13
gmt	4
3updated	4
experience	11
software	5
study	17
find	32
computer	6
smartphones	3
front	7
word	6
artificial	28
intelligence	29
illustration	12
create	88
february	6
reuters	13
dado	4
ruvic	4
file	8
photo	22
purchase	5
license	6
open	7
tab	3
company	54
advance	9
tool	42
misinformation	23
deepfake	73
content	75
counter	3
grow	12
risk	13
election	14
financial	6
fraud	5
unite	10
friday	3
generate	107
image	109
video	189
audio	14
convincingly	5
impersonate	10
real	56
person	106
pose	12
itu	4
release	21
good	12
call	35
robust	3
standard	9
combat	3
manipulate	12
recommend	3
social	53
medium	71
platform	48
digital	33
verification	7
share	40
trust	12
fake	62
chief	6
group	19
department	3
note	10
top	10
challenge	10
generative	19
ability	8
fabricate	5
realistic	21
edit	6
leader	7
address	14
establish	3
user	37
place	8
show	28
information	22
scroll	6
dr	5
founder	3
research	14
firm	8
global	5
approach	3
problem	4
single	3
watchdog	3
focus	4
material	15
solution	4
harmful	8
develop	7
watermark	3
internet	8
data	11
creator	12
identity	13
base	17
private	5
implement	5
safety	6
educate	5
billion	3
dollar	5
year	57
update	7
powerful	4
fast	8
victim	39
system	13
copyright	31
office	8
regulation	7
december	4
attorney	6
analysis	3
today	6
part	14
replica	11
recording	5
falsely	3
depict	12
individual	12
result	12
broad	4
listen	5
public	25
comment	16
author	6
artist	8
lawyer	5
industry	10
advertisement	8
continue	7
exist	9
law	74
intellectual	3
property	4
harm	20
unauthorized	6
potential	7
threaten	7
entertainment	4
morning	3
late	6
legal	8
news	51
deliver	5
inbox	4
daily	3
newsletter	17
sign	19
technology	39
produce	15
era	3
sophisticate	6
convince	5
positive	3
application	7
support	14
work	24
voice	77
likeness	36
offer	11
activity	3
alarm	4
ease	3
broadly	4
increase	12
researcher	7
explicit	27
woman	30
online	38
scam	18
involve	10
feature	24
fraudsters	3
lure	4
buy	4
product	16
claim	18
celebrity	18
warn	10
danger	8
political	9
disinformation	5
impossible	4
mind	3
survey	6
federal	16
state	47
level	3
legislation	33
largely	3
black	11
letter	3
protect	17
violation	5
song	3
owner	7
protection	13
act	19
require	11
commercial	3
consumer	8
case	15
personal	5
prohibit	5
method	4
deceptive	6
limit	8
false	10
light	6
privacy	13
instance	7
highly	9
apply	5
professional	4
term	9
ahead	3
action	15
issue	18
piece	10
draft	4
bill	26
advertise	4
sexually	19
introduce	8
day	21
bipartisan	6
senator	5
original	4
safe	8
represent	3
business	20
visual	3
consent	12
holder	4
subject	3
liability	3
remove	12
notice	4
aim	8
national	8
similar	15
conduct	4
congress	9
move	12
pass	16
dozen	6
enact	6
concern	15
sexual	18
local	3
august	3
san	5
francisco	5
district	4
lawsuit	7
website	23
consensual	10
nude	11
girl	7
additional	4
suit	3
agency	11
musk	11
sue	6
block	11
minnesota	7
free	17
speech	13
april	5
model	23
elon	8
logo	3
january	5
wednesday	5
ban	9
influence	4
violate	5
replace	7
judgment	3
criminal	5
court	7
tu	3
startup	3
con	3
wide	3
complaint	9
twitter	4
policy	13
general	9
immediately	4
respond	18
request	23
picture	7
clip	23
form	12
citizen	5
voter	4
ad	14
judge	3
amendment	7
hold	9
post	25
prevent	13
republican	8
lawmaker	5
mary	3
appeal	3
rule	3
south	18
korea	9
watch	12
september	8
korean	7
police	17
handle	4
crime	11
effort	7
include	42
seoul	5
thursday	4
penalty	7
set	9
prison	8
fine	12
outcry	4
telegram	5
chat	5
illegal	9
prompt	17
tough	3
punishment	3
start	12
save	4
face	34
million	16
win	9
distribute	3
violence	4
effect	4
president	10
order	5
compare	3
perpetrator	3
teenager	10
early	17
month	20
launch	15
investigation	6
messaging	4
app	28
distribution	3
country	6
world	12
grapple	3
proliferation	3
nonconsensual	6
imagery	4
tech	29
search	8
taylor	13
swift	10
pop	5
demand	3
expect	3
profit	6
play	11
https	3
www	3
google	28
veo	12
quiz	3
june	5
wave	6
generator	12
viral	11
dispute	3
event	6
alongside	5
write	18
job	11
hear	5
minute	9
detail	6
character	9
clothe	10
sound	17
time	30
spit	3
obvious	3
version	19
add	34
text	13
screen	5
broadcast	3
suggest	3
spot	6
openai	55
sora	65
bad	7
article	19
learn	13
mike	9
tan	3
eli	6
week	16
spend	5
hour	8
fee	11
short	10
game	3
home	5
run	12
full	6
catch	8
style	4
weapon	3
send	15
dance	3
york	5
colleague	6
tiktok	14
instagram	15
youtube	8
current	4
sora_s	6
upload	7
basis	3
clear	12
generation	11
network	10
clone	9
follow	6
friend	23
build	9
simple	4
give	11
instantly	3
access	11
spin	3
culture	4
page	5
raise	3
lose	8
reality	5
quickly	7
easily	3
type	4
meta	13
seek	4
bring	6
mass	4
apps	7
service	11
race	4
vibe	3
host	6
message	10
executive	7
feel	18
sahai	3
lead	10
interview	10
microsoft	3
relate	7
avatar	3
sam	4
altman	8
cameo	11
popular	4
expert	22
kind	11
mr	5
steal	9
graphic	3
process	5
store	3
record	7
security	11
camera	3
easy	14
cybersecurity	6
television	3
park	5
figure	11
opt	5
choose	5
head	5
partnership	3
statement	7
begin	4
circulate	7
receive	16
fear	8
slop	6
numb	10
baby	3
recent	14
facebook	7
significant	4
amount	3
quality	10
high	22
rise	7
fun	3
small	6
man	11
hollywood	3
past	3
rip	3
talent	4
fight	6
client	4
view	9
encounter	3
thing	8
idea	3
power	3
reporter	5
partner	4
film	4
book	5
nicole	5
contribute	3
los	3
angeles	3
cover	3
shape	6
accuse	3
getty	10
smile	5
wear	7
jacket	5
abuse	8
design	3
mcglynn	3
professor	8
pornographic	8
verge	3
grok	7
imagine	8
spicy	3
fully	5
uncensored	3
star	7
age	11
manner	4
prof	3
university	14
swift_s	3
completely	8
test	5
guardrail	4
weatherbed	4
enter	5
dress	10
setting	4
ms	13
bbc	14
meet	3
option	5
return	6
blur	3
verify	3
pay	8
cost	6
brand	5
apple	6
account	36
date	3
uk	8
force	3
end	11
site	22
regulator	4
aware	7
space	5
child	22
ensure	3
put	9
safeguard	7
revenge	5
porn	18
government	27
intimate	12
house	12
lord	3
lady	6
spokesperson	4
society	4
creation	13
temporarily	4
spread	13
team	11
incident	7
assume	3
representative	3
contact	6
scammers	7
shopper	4
est	10
la	10
vie	10
stand	6
fill	3
jewellery	10
patrick	4
eileen	6
foreign	4
back	9
story	18
family	13
customer	9
ship	3
east	3
shop	3
couple	5
birmingham	6
quarter	3
china	5
mislead	10
scale	5
mabel	8
daisy	8
bristol	3
review	7
charge	5
target	12
recently	9
chinese	4
london	3
tackle	7
sale	3
white	8
hair	6
blue	6
shirt	6
tend	3
close	4
huge	4
perfect	4
husband	3
mark	3
previously	4
hand	7
advert	4
complete	4
fall	8
ring	3
damage	4
reputation	4
city	4
hard	13
distinguish	6
long	19
sell	4
carefully	4
change	3
authentic	5
justyne	4
gough	5
pink	3
realised	3
arrive	3
email	10
money	12
pattern	5
background	5
eventually	3
big	12
response	3
british	3
street	3
jack	4
deal	8
step	5
check	5
reveal	3
location	3
human	23
school	24
spindrift	4
young	7
brown	3
tie	3
callum	4
brook	8
admit	8
naked	5
alter	7
glasgow	3
knowledge	4
element	3
accept	5
crown	3
humiliate	5
reach	9
scottish	6
situation	5
digitally	7
offence	7
promise	7
separate	5
minister	8
john	4
specific	5
extend	5
scotland	5
phone	11
sophie	4
alert	3
bear	3
worry	7
lynsay	3
shepherd	3
collective	3
identify	3
important	4
enforcement	3
consultation	3
affect	6
mordaunt	12
violent	4
penny	4
conservative	4
speak	16
serve	5
common	8
happen	12
channel	3
senior	4
female	3
politician	3
plan	8
decision	3
king	4
sword	3
central	3
role	3
ceremony	3
defence	3
secretary	3
prominent	4
north	6
profile	3
deception	3
indian	3
babydoll	9
archi	9
follower	3
moment	4
american	8
adult	5
trend	3
fan	5
sanchi	11
truth	5
bora	8
arrest	3
agarwal	8
teach	7
chatgpt	8
gain	5
traction	3
join	4
submit	3
read	6
confirm	4
trace	3
mobile	3
bank	5
document	4
cbs	4
promote	7
bal	3
press	4
harassment	4
care	7
scope	3
nguyen	4
dream	3
member	3
improve	3
control	3
fool	5
machine	5
party	8
gemini	3
invite	5
turn	5
history	3
number	3
multiple	4
live	7
dead	3
train	8
journal	3
side	4
smith	9
tv	3
life	5
viewer	4
signal	6
body	6
phony	3
track	4
vermillio	8
web	5
thousand	5
neely	7
misuse	6
program	11
teen	8
center	7
democracy	4
student	11
engage	4
propaganda	5
outlet	3
mimic	8
war	6
natural	3
percent	7
newsguard	6
organization	8
operation	3
low	5
worker	3
netanyahu	3
psychiatrist	4
avoid	3
difficult	6
candidate	3
military	3
brewster	5
great	8
chatbots	3
anchor	3
amplify	3
language	6
village	3
publish	7
increasingly	6
relationship	3
middle	4
blevins	4
large	9
unique	3
error	4
european	4
fund	7
resource	4
algorithm	3
major	7
literacy	3
recognize	4
source	10
journalist	3
harvey	13
actor	15
joe	3
provide	8
democrat	4
amy	3
klobuchar	3
familiar	3
matter	5
cnn	15
criminalize	4
trump	10
fact	8
studio	4
hurt	3
scarlett	4
johansson	10
afp	3
rapidly	3
progressive	3
responsible	4
kanye	4
antisemitic	3
remark	3
imminent	3
association	3
freedom	3
hope	3
potentially	3
folk	3
advocacy	4
understand	3
impact	3
ceo	13
encourage	3
parent	17
minimize	3
suffer	5
kid	12
recover	3
teacher	6
nonprofit	4
punish	3
talk	5
lieberman	7
washington	7
sense	4
college	3
future	7
attend	3
hire	3
heitner	3
break	6
opportunity	4
community	5
exploit	3
participate	5
donald	6
range	3
monday	5
accountability	3
berry	5
guest	5
garden	3
mani	4
push	3
america	3
texas	3
sen	4
summer	3
jersey	5
california	7
everyday	3
removal	3
hate	5
unacceptable	3
development	3
deceive	3
exacerbate	3
echo	3
tehran	3
tel	3
aviv	3
threat	8
strike	3
footage	6
protest	5
fiction	3
al	9
jazeera	7
protester	3
synthetic	8
ben	3
colman	3
prepare	4
gas	3
refer	3
implication	3
caraballo	3
scene	5
remain	3
italian	7
businessman	6
crosetto	11
special	3
entrepreneur	3
wire	5
staff	4
transfer	4
official	5
prefer	4
authority	4
deep	3
accent	7
lavan	7
director	3
sample	3
participant	4
trustworthy	4
rate	3
vast	3
resemble	4
west	3
jewish	3
david	3
direct	3
denmark	4
danish	4
guardian	3
promotion	4
weekly	6
charity	4
rally	4
creativity	3
spongebob	4
robin	3
ap	5
democratic	3
governor	3
anti	4
activist	4
insider	7
corporate	4
secret	3
pindrop	3
rubio	3
sensitive	4
vote	5
kramer	3
employee	3
roll	3
infringe	3
interest	3
moratorium	7
senate	4
defeat	4
mrbeast	6
donaldson	3
bolt	4
icon	4